<nav search_view="search" color="E8391A">
  <collection label="M365">
      <view name="m365_usage_adoption" deefault='true' />
      <view name="overview" />
	  <view name="user_audit" />
  </collection>
  <collection label="Azure AD">
	  <view name="azuread_login_activity" />
	  <view name="aad_device_details" />
  </collection>
  <collection label="Exchange">
      <view name="exchange_overview" />
      <view name="exchange_message_trace_overview" />
      <view name="exchange_message_trace" />
      <view name="exchange_message_trace_health" />    
  </collection>
  <collection label="SharePoint">
      <view name="sharepoint_oveview" />
  </collection>
  <collection label="OneDrive">
      <view name="onedrive_overview" />
	  <view name="onedrive_file_investigator" />
  </collection>
  <collection label="Microsoft Teams">
      <view name="microsoft_teams_overview" />
      <view name="teams_security_monitoring" />
      <collection label="Call Records">
        <view name="teams_call_overview" />
        <view name="teams_call_qos" />
        <view name="teams_call_search" />
        <view name="teams_call_detail" />
      </collection>
      <view name="teams_report_user" />
      <view name="teams_activity_audit" />
  </collection>
    <collection label="Power BI">
      <view name="powerbi_overview" />
  </collection>
  <collection label="Security &amp; Compliance Center">
      <view name="security_compliance_center" />
  </collection>
    <collection label="Help">
      <view name="about" />
      <view name="data_onboarding_guide" />
  </collection>  
</nav>