<nav search_view="search" color="E8391A">
	<collection label="DNS Insights">
		<view name="dnsPriv1" />
		<view name="dnsPassiveV1" />
	</collection>
	<collection label="TLS Insights">
		<view name="tlsPriV1" />
	</collection>
	<collection label="Session Insights">
		<view name="sessionPriV1" />
	</collection>
	<collection label="File Insights">
		<view name="filePriV1" />
	</collection>
	<collection label="Asset Insights">
		<view name="assetPriV1" />
	</collection>
	<collection label="Help">
		<view name="helpV1" />
	</collection>

</nav>